0,0.000000
1,0.134381
2,0.730297
3,-0.041781
4,-7.202823
5,-26.197079
6,-57.491852
7,-92.502426
8,-114.151276
9,-101.804558
10,-37.122524
11,92.595139
12,293.963806
13,567.469849
14,905.429077
15,1288.471069
16,1683.782471
17,2048.002930
18,2334.420166
19,2500.992920
20,2515.664795
21,2358.396240
22,2022.311157
23,1516.419556
24,869.421143
25,131.182434
26,-631.380005
27,-1343.916748
28,-1936.041870
29,-2350.141357
30,-2545.973877
31,-2502.777588
32,-2221.535645
33,-1728.109009
34,-1071.519897
35,-316.771484
36,464.458191
37,1201.241333
38,1827.576538
39,2285.366943
40,2529.101074
41,2532.547119
42,2294.477783
43,1839.674072
44,1214.245850
45,478.018311
46,-302.086548
47,-1056.073242
48,-1714.149658
49,-2212.200684
50,-2500.004883
51,-2549.283691
52,-2357.553467
53,-1946.247681
54,-1355.360962
55,-638.398254
56,140.633469
57,909.889282
58,1595.053467
59,2128.267334
60,2457.875488
61,2554.765625
62,2413.258789
63,2048.269775
64,1492.332397
65,794.296753
66,18.108910
67,-761.531982
68,-1467.872925
69,-2032.696045
70,-2404.495605
71,-2551.742432
72,-2462.477783
73,-2143.582520
74,-1621.619873
75,-943.695190
76,-174.972427
77,608.843689
78,1331.979370
79,1927.741821
80,2343.503906
81,2542.311035
82,2504.252441
83,2229.520752
84,1741.721436
85,1087.839111
86,332.725037
87,-450.301910
88,-1188.619873
89,-1816.140503
90,-2276.240967
91,-2524.740479
92,-2534.950928
93,-2303.436035
94,-1852.763062
95,-1228.594238
96,-492.168121
97,287.953583
98,1041.651978
99,1700.655273
100,2202.394043
101,2496.468262
102,2552.540771
103,2365.826660
104,1957.060547
105,1367.436401
106,652.028442
107,-125.014404
108,-893.428162
109,-1580.681885
110,-2119.063477
111,-2455.074951
112,-2557.284424
113,-2419.122803
114,-2056.517090
115,-1503.518188
116,-809.148315
117,-35.722027
118,744.082520
119,1454.005615
120,2024.251953
121,2401.034668
122,2551.795410
123,2465.441650
124,2150.364990
125,1633.383545
126,959.982300
127,193.111237
128,-592.365784
129,-1319.406738
130,-1919.155273
131,-2337.890381
132,-2539.446533
133,-2505.456299
134,-2236.502441
135,-1754.623535
136,-1104.436768
137,-349.624512
138,435.547668
139,1176.440796
140,1805.847168
141,2267.887695
142,2520.013184
143,2536.116943
144,2311.341553
145,1865.810303
146,1243.736328
147,506.985565
148,-274.040741
149,-1028.122070
150,-1687.727417
151,-2192.042725
152,-2491.495850
153,-2554.528809
154,-2373.901367
155,-1968.662964
156,-1380.334473
157,-665.651855
158,110.156624
159,877.561523
160,1565.907837
161,2108.572998
162,2451.088867
163,2559.633057
164,2425.792725
165,2065.587891
166,1514.599243
167,822.946533
168,52.243694
169,-726.821411
170,-1439.374023
171,-2014.970947
172,-2397.597900
173,-2552.786377
174,-2469.371826
175,-2157.179932
176,-1644.161133
177,-975.151978
178,-211.006882
179,575.096863
180,1305.833618
181,1910.341064
182,2332.990723
183,2537.428467
184,2506.665039
185,2242.482178
186,1766.357422
187,1120.747925
188,367.368896
189,-419.598816
190,-1163.762573
191,-1796.047241
192,-2260.303467
193,-2515.332031
194,-2536.340820
195,-2318.063721
196,-1878.482544
197,-1259.630615
198,-522.955811
199,259.649963
200,1015.177368
201,1675.786987
202,2182.030029
203,2485.810059
204,2555.381104
205,2381.447998
206,1980.740601
207,1394.073853
208,679.430054
209,-96.250832
210,-863.104065
211,-1551.881348
212,-2097.643555
213,-2446.027832
214,-2561.344971
215,-2432.806396
216,-2075.489990
217,-1525.988037
218,-836.033081
219,-67.582138
220,710.135254
221,1424.146118
222,2004.434570
223,2393.347168
224,2554.045898
225,2474.230713
226,2164.542969
227,1654.486450
228,989.283508
229,228.318298
230,-557.329773
231,-1291.096680
232,-1900.765747
233,-2328.415771
234,-2536.447998
235,-2508.552490
236,-2248.053467
237,-1776.907227
238,-1136.134888
239,-385.190613
240,402.843140
241,1150.548096
242,1786.705688
243,2253.881348
244,2511.481445
245,2536.287842
246,2323.653809
247,1890.209473
248,1275.602417
249,539.861389
250,-244.439423
251,-1002.328796
252,-1664.682251
253,-2172.612793
254,-2479.667236
255,-2554.904541
256,-2387.830078
257,-1992.737305
258,-1408.751221
259,-694.211609
260,82.174911
261,849.280945
262,1538.394287
263,2086.311279
264,2439.704590
265,2561.900391
266,2439.704102
267,2086.311035
268,1538.394165
269,849.280823
270,82.174942
271,-694.211731
272,-1408.751099
273,-1992.737305
274,-2387.830566
275,-2554.904785
276,-2479.667480
277,-2172.612305
278,-1664.682007
279,-1002.328735
280,-244.439499
281,539.861389
282,1275.602173
283,1890.209595
284,2323.654053
285,2536.287842
286,2511.481689
287,2253.881592
288,1786.705688
289,1150.548584
290,402.843201
291,-385.190613
292,-1136.134766
293,-1776.907227
294,-2248.053223
295,-2508.552490
296,-2536.447754
297,-2328.415771
298,-1900.765503
299,-1291.096680
300,-557.329834
301,228.318268
302,989.283508
303,1654.486816
304,2164.543213
305,2474.230957
306,2554.045410
307,2393.347656
308,2004.434326
309,1424.145996
310,710.135315
311,-67.582138
312,-836.032959
313,-1525.987671
314,-2075.490234
315,-2432.806641
316,-2561.345215
317,-2446.028320
318,-2097.643311
319,-1551.881226
320,-863.104065
321,-96.250854
322,679.430054
323,1394.073364
324,1980.740356
325,2381.447754
326,2555.381104
327,2485.810059
328,2182.030518
329,1675.786865
330,1015.177795
331,259.649902
332,-522.955811
333,-1259.630737
334,-1878.482788
335,-2318.063965
336,-2536.340576
337,-2515.331787
338,-2260.302734
339,-1796.047363
340,-1163.762451
341,-419.598846
342,367.368866
343,1120.748291
344,1766.357422
345,2242.482666
346,2506.665283
347,2537.428711
348,2332.991211
349,1910.341064
350,1305.833862
351,575.096924
352,-211.006836
353,-975.151855
354,-1644.161499
355,-2157.180420
356,-2469.372314
357,-2552.787354
358,-2397.598145
359,-2014.970947
360,-1439.373657
361,-726.821533
362,52.243668
363,822.946594
364,1514.599365
365,2065.587891
366,2425.792236
367,2559.633789
368,2451.088623
369,2108.572266
370,1565.907837
371,877.561768
372,110.156616
373,-665.651794
374,-1380.334595
375,-1968.663086
376,-2373.901367
377,-2554.528564
378,-2491.495361
379,-2192.042480
380,-1687.727905
381,-1028.122192
382,-274.040680
383,506.985535
384,1243.736084
385,1865.810425
386,2311.340820
387,2536.117188
388,2520.012939
389,2267.887451
390,1805.846802
391,1176.440796
392,435.547638
393,-349.624664
394,-1104.437012
395,-1754.623413
396,-2236.502441
397,-2505.456055
398,-2539.446289
399,-2337.890381
400,-1919.155273
401,-1319.406616
402,-592.365723
403,193.111267
404,959.982117
405,1633.383667
406,2150.364990
407,2465.441406
408,2551.795654
409,2401.035156
410,2024.251831
411,1454.005615
412,744.082642
413,-35.722065
414,-809.148193
415,-1503.517944
416,-2056.516846
417,-2419.122559
418,-2557.284668
419,-2455.075195
420,-2119.063477
421,-1580.682129
422,-893.428162
423,-125.014336
424,652.028137
425,1367.436035
426,1957.060669
427,2365.826660
428,2552.541016
429,2496.467773
430,2202.394043
431,1700.655151
432,1041.651978
433,287.953491
434,-492.168182
435,-1228.594116
436,-1852.763428
437,-2303.435791
438,-2534.950684
439,-2524.740723
440,-2276.240723
441,-1816.140747
442,-1188.620361
443,-450.301819
444,332.724976
445,1087.839111
446,1741.721436
447,2229.520508
448,2504.251953
449,2542.310547
450,2343.503906
451,1927.742188
452,1331.979492
453,608.843750
454,-174.972458
455,-943.695435
456,-1621.619995
457,-2143.583008
458,-2462.477783
459,-2551.741943
460,-2404.495361
461,-2032.696045
462,-1467.873169
463,-761.532104
464,18.108913
465,794.296570
466,1492.332397
467,2048.269531
468,2413.258545
469,2554.765137
470,2457.874756
471,2128.267334
472,1595.053101
473,909.889099
474,140.633484
475,-638.398193
476,-1355.361206
477,-1946.247803
478,-2357.553223
479,-2549.283691
480,-2500.004883
481,-2212.200684
482,-1714.149902
483,-1056.073242
484,-302.086578
485,478.018280
486,1214.246460
487,1839.674316
488,2294.478271
489,2532.547852
490,2529.101318
491,2285.367432
492,1827.576416
493,1201.241455
494,464.458160
495,-316.771454
496,-1071.519897
497,-1728.109009
498,-2221.535400
499,-2502.777344
500,-2545.973389
501,-2350.275146
502,-1936.771851
503,-1343.875488
504,-624.176941
505,157.379456
506,926.912964
507,1608.921997
508,2136.462646
509,2460.200439
510,2552.787354
511,2408.397705
512,2040.456421
513,1480.532837
514,778.353271
515,-0.000038
516,-778.353333
517,-1480.533081
518,-2040.456299
519,-2408.397949
520,-2552.787598
521,-2460.200684
522,-2136.462158
523,-1608.922119
524,-926.912964
525,-157.379501
526,624.177246
527,1343.875000
528,1936.772095
529,2350.275635
530,2545.973877
531,2502.777588
532,2221.535645
533,1728.109009
534,1071.519897
535,316.771484
536,-464.458191
537,-1201.241333
538,-1827.576538
539,-2285.366943
540,-2529.101074
541,-2532.547119
542,-2294.477783
543,-1839.674072
544,-1214.245850
545,-478.018311
546,302.086548
547,1056.073242
548,1714.149658
549,2212.200684
550,2500.004883
551,2549.283691
552,2357.553467
553,1946.247681
554,1355.360962
555,638.398254
556,-140.633469
557,-909.889282
558,-1595.053467
559,-2128.267334
560,-2457.875488
561,-2554.765625
562,-2413.258789
563,-2048.269775
564,-1492.332397
565,-794.296753
566,-18.108910
567,761.531982
568,1467.872925
569,2032.696045
570,2404.495605
571,2551.742432
572,2462.477783
573,2143.582520
574,1621.619873
575,943.695190
576,174.972427
577,-608.843689
578,-1331.979370
579,-1927.741821
580,-2343.503906
581,-2542.311035
582,-2504.252441
583,-2229.520752
584,-1741.721436
585,-1087.839111
586,-332.725037
587,450.301910
588,1188.619873
589,1816.140503
590,2276.240967
591,2524.740479
592,2534.950928
593,2303.436035
594,1852.763062
595,1228.594238
596,492.168121
597,-287.953583
598,-1041.651978
599,-1700.655273
600,-2202.394043
601,-2496.468262
602,-2552.540771
603,-2365.826660
604,-1957.060547
605,-1367.436401
606,-652.028442
607,125.014404
608,893.428162
609,1580.681885
610,2119.063477
611,2455.074951
612,2557.284424
613,2419.122803
614,2056.517090
615,1503.518188
616,809.148315
617,35.722027
618,-744.082520
619,-1454.005615
620,-2024.251953
621,-2401.034668
622,-2551.795410
623,-2465.441650
624,-2150.364990
625,-1633.383545
626,-959.982300
627,-193.111237
628,592.365784
629,1319.406738
630,1919.155273
631,2337.890381
632,2539.446533
633,2505.456299
634,2236.502441
635,1754.623535
636,1104.436768
637,349.624512
638,-435.547668
639,-1176.440796
640,-1805.847168
641,-2267.887695
642,-2520.013184
643,-2536.116943
644,-2311.341553
645,-1865.810303
646,-1243.736328
647,-506.985565
648,274.040741
649,1028.122070
650,1687.727417
651,2192.042725
652,2491.495850
653,2554.528809
654,2373.901367
655,1968.662964
656,1380.334473
657,665.651855
658,-110.156624
659,-877.561523
660,-1565.907837
661,-2108.572998
662,-2451.088867
663,-2559.633057
664,-2425.792725
665,-2065.587891
666,-1514.599243
667,-822.946533
668,-52.243694
669,726.821411
670,1439.374023
671,2014.970947
672,2397.597900
673,2552.786377
674,2469.371826
675,2157.179932
676,1644.161133
677,975.151978
678,211.006882
679,-575.096863
680,-1305.833618
681,-1910.341064
682,-2332.990723
683,-2537.428467
684,-2506.665039
685,-2242.482178
686,-1766.357422
687,-1120.747925
688,-367.368896
689,419.598816
690,1163.762573
691,1796.047241
692,2260.303467
693,2515.332031
694,2536.340820
695,2318.063721
696,1878.482544
697,1259.630615
698,522.955811
699,-259.649963
700,-1015.177368
701,-1675.786987
702,-2182.030029
703,-2485.810059
704,-2555.381104
705,-2381.447998
706,-1980.740601
707,-1394.073853
708,-679.430054
709,96.250832
710,863.104065
711,1551.881348
712,2097.643555
713,2446.027832
714,2561.344971
715,2432.806396
716,2075.489990
717,1525.988037
718,836.033081
719,67.582138
720,-710.135254
721,-1424.146118
722,-2004.434570
723,-2393.347168
724,-2554.045898
725,-2474.230713
726,-2164.542969
727,-1654.486450
728,-989.283508
729,-228.318298
730,557.329773
731,1291.096680
732,1900.765747
733,2328.415771
734,2536.447998
735,2508.552490
736,2248.053467
737,1776.907227
738,1136.134888
739,385.190613
740,-402.843140
741,-1150.548096
742,-1786.705688
743,-2253.881348
744,-2511.481445
745,-2536.287842
746,-2323.653809
747,-1890.209473
748,-1275.602417
749,-539.861389
750,244.439423
751,1002.328796
752,1664.682251
753,2172.612793
754,2479.667236
755,2554.904541
756,2387.830078
757,1992.737305
758,1408.751221
759,694.211609
760,-82.174911
761,-849.280945
762,-1538.394287
763,-2086.311279
764,-2439.704590
765,-2561.900391
766,-2439.704102
767,-2086.311035
768,-1538.394165
769,-849.280823
770,-82.174942
771,694.211731
772,1408.751099
773,1992.737305
774,2387.830566
775,2554.904785
776,2479.667480
777,2172.612305
778,1664.682007
779,1002.328735
780,244.439499
781,-539.861389
782,-1275.602173
783,-1890.209595
784,-2323.654053
785,-2536.287842
786,-2511.481689
787,-2253.881592
788,-1786.705688
789,-1150.548584
790,-402.843201
791,385.190613
792,1136.134766
793,1776.907227
794,2248.053223
795,2508.552490
796,2536.447754
797,2328.415771
798,1900.765503
799,1291.096680
800,557.329834
801,-228.318268
802,-989.283508
803,-1654.486816
804,-2164.543213
805,-2474.230957
806,-2554.045410
807,-2393.347656
808,-2004.434326
809,-1424.145996
810,-710.135315
811,67.582138
812,836.032959
813,1525.987671
814,2075.490234
815,2432.806641
816,2561.345215
817,2446.028320
818,2097.643311
819,1551.881226
820,863.104065
821,96.250854
822,-679.430054
823,-1394.073364
824,-1980.740356
825,-2381.447754
826,-2555.381104
827,-2485.810059
828,-2182.030518
829,-1675.786865
830,-1015.177795
831,-259.649902
832,522.955811
833,1259.630737
834,1878.482788
835,2318.063965
836,2536.340576
837,2515.331787
838,2260.302734
839,1796.047363
840,1163.762451
841,419.598846
842,-367.368866
843,-1120.748291
844,-1766.357422
845,-2242.482666
846,-2506.665283
847,-2537.428711
848,-2332.991211
849,-1910.341064
850,-1305.833862
851,-575.096924
852,211.006836
853,975.151855
854,1644.161499
855,2157.180420
856,2469.372314
857,2552.787354
858,2397.598145
859,2014.970947
860,1439.373657
861,726.821533
862,-52.243668
863,-822.946594
864,-1514.599365
865,-2065.587891
866,-2425.792236
867,-2559.633789
868,-2451.088623
869,-2108.572266
870,-1565.907837
871,-877.561768
872,-110.156616
873,665.651794
874,1380.334595
875,1968.663086
876,2373.901367
877,2554.528564
878,2491.495361
879,2192.042480
880,1687.727905
881,1028.122192
882,274.040680
883,-506.985535
884,-1243.736084
885,-1865.810425
886,-2311.340820
887,-2536.117188
888,-2520.012939
889,-2267.887451
890,-1805.846802
891,-1176.440796
892,-435.547638
893,349.624664
894,1104.437012
895,1754.623413
896,2236.502441
897,2505.456055
898,2539.446289
899,2337.890381
900,1919.155273
901,1319.406616
902,592.365723
903,-193.111267
904,-959.982117
905,-1633.383667
906,-2150.364990
907,-2465.441406
908,-2551.795654
909,-2401.035156
910,-2024.251831
911,-1454.005615
912,-744.082642
913,35.722065
914,809.148193
915,1503.517944
916,2056.516846
917,2419.122559
918,2557.284668
919,2455.075195
920,2119.063477
921,1580.682129
922,893.428162
923,125.014336
924,-652.028137
925,-1367.436035
926,-1957.060669
927,-2365.826660
928,-2552.541016
929,-2496.467773
930,-2202.394043
931,-1700.655151
932,-1041.651978
933,-287.953491
934,492.168182
935,1228.594116
936,1852.763428
937,2303.435791
938,2534.950684
939,2524.740723
940,2276.240723
941,1816.140747
942,1188.620361
943,450.301819
944,-332.724976
945,-1087.839111
946,-1741.721436
947,-2229.520508
948,-2504.251953
949,-2542.310547
950,-2343.503906
951,-1927.742188
952,-1331.979492
953,-608.843750
954,174.972458
955,943.695435
956,1621.619995
957,2143.583008
958,2462.477783
959,2551.741943
960,2404.495361
961,2032.696045
962,1467.873169
963,761.532104
964,-18.108913
965,-794.296570
966,-1492.332397
967,-2048.269531
968,-2413.258545
969,-2554.765137
970,-2457.874756
971,-2128.267334
972,-1595.053101
973,-909.889099
974,-140.633484
975,638.398193
976,1355.361206
977,1946.247803
978,2357.553223
979,2549.283691
980,2500.004883
981,2212.200684
982,1714.149902
983,1056.073242
984,302.086578
985,-478.018280
986,-1214.246460
987,-1839.674316
988,-2294.478271
989,-2532.547852
990,-2529.101318
991,-2285.367432
992,-1827.576416
993,-1201.241455
994,-464.458160
995,316.771454
996,1071.519897
997,1728.109009
998,2221.535400
999,2502.777344
1000,2545.973389
1001,2350.275146
1002,1936.771851
1003,1343.875488
1004,624.176941
1005,-157.379456
1006,-926.912964
1007,-1608.921997
1008,-2136.462646
1009,-2460.200439
1010,-2552.787354
1011,-2408.397705
1012,-2040.456421
1013,-1480.532837
1014,-778.353271
1015,0.000038
1016,778.353333
1017,1480.533081
1018,2040.456299
1019,2408.397949
1020,2552.787598
1021,2460.200684
1022,2136.462158
1023,1608.922119
1024,926.912964
1025,157.379501
1026,-624.177246
1027,-1343.875000
1028,-1936.772095
1029,-2350.275635
1030,-2545.973877
1031,-2502.777588
1032,-2221.535645
1033,-1728.109009
1034,-1071.519897
1035,-316.771484
1036,464.458191
1037,1201.241333
1038,1827.576538
1039,2285.366943
1040,2529.101074
1041,2532.547119
1042,2294.477783
1043,1839.674072
1044,1214.245850
1045,478.018311
1046,-302.086548
1047,-1056.073242
1048,-1714.149658
1049,-2212.200684
1050,-2500.004883
1051,-2549.283691
1052,-2357.553467
1053,-1946.247681
1054,-1355.360962
1055,-638.398254
1056,140.633469
1057,909.889282
1058,1595.053467
1059,2128.267334
1060,2457.875488
1061,2554.765625
1062,2413.258789
1063,2048.269775
1064,1492.332397
1065,794.296753
1066,18.108910
1067,-761.531982
1068,-1467.872925
1069,-2032.696045
1070,-2404.495605
1071,-2551.742432
1072,-2462.477783
1073,-2143.582520
1074,-1621.619873
1075,-943.695190
1076,-174.972427
1077,608.843689
1078,1331.979370
1079,1927.741821
1080,2343.503906
1081,2542.311035
1082,2504.252441
1083,2229.520752
1084,1741.721436
1085,1087.839111
1086,332.725037
1087,-450.301910
1088,-1188.619873
1089,-1816.140503
1090,-2276.240967
1091,-2524.740479
1092,-2534.950928
1093,-2303.436035
1094,-1852.763062
1095,-1228.594238
1096,-492.168121
1097,287.953583
1098,1041.651978
1099,1700.655273
1100,2202.394043
1101,2496.468262
1102,2552.540771
1103,2365.826660
1104,1957.060547
1105,1367.436401
1106,652.028442
1107,-125.014404
1108,-893.428162
1109,-1580.681885
1110,-2119.063477
1111,-2455.074951
1112,-2557.284424
1113,-2419.122803
1114,-2056.517090
1115,-1503.518188
1116,-809.148315
1117,-35.722027
1118,744.082520
1119,1454.005615
1120,2024.251953
1121,2401.034668
1122,2551.795410
1123,2465.441650
1124,2150.364990
1125,1633.383545
1126,959.982300
1127,193.111237
1128,-592.365784
1129,-1319.406738
1130,-1919.155273
1131,-2337.890381
1132,-2539.446533
1133,-2505.456299
1134,-2236.502441
1135,-1754.623535
1136,-1104.436768
1137,-349.624512
1138,435.547668
1139,1176.440796
1140,1805.847168
1141,2267.887695
1142,2520.013184
1143,2536.116943
1144,2311.341553
1145,1865.810303
1146,1243.736328
1147,506.985565
1148,-274.040741
1149,-1028.122070
1150,-1687.727417
1151,-2192.042725
1152,-2491.495850
1153,-2554.528809
1154,-2373.901367
1155,-1968.662964
1156,-1380.334473
1157,-665.651855
1158,110.156624
1159,877.561523
1160,1565.907837
1161,2108.572998
1162,2451.088867
1163,2559.633057
1164,2425.792725
1165,2065.587891
1166,1514.599243
1167,822.946533
1168,52.243694
1169,-726.821411
1170,-1439.374023
1171,-2014.970947
1172,-2397.597900
1173,-2552.786377
1174,-2469.371826
1175,-2157.179932
1176,-1644.161133
1177,-975.151978
1178,-211.006882
1179,575.096863
1180,1305.833618
1181,1910.341064
1182,2332.990723
1183,2537.428467
1184,2506.665039
1185,2242.482178
1186,1766.357422
1187,1120.747925
1188,367.368896
1189,-419.598816
1190,-1163.762573
1191,-1796.047241
1192,-2260.303467
1193,-2515.332031
1194,-2536.340820
1195,-2318.063721
1196,-1878.482544
1197,-1259.630615
1198,-522.955811
1199,259.649963
1200,1015.177368
1201,1675.786987
1202,2182.030029
1203,2485.810059
1204,2555.381104
1205,2381.447998
1206,1980.740601
1207,1394.073853
1208,679.430054
1209,-96.250832
1210,-863.104065
1211,-1551.881348
1212,-2097.643555
1213,-2446.027832
1214,-2561.344971
1215,-2432.806396
1216,-2075.489990
1217,-1525.988037
1218,-836.033081
1219,-67.582138
1220,710.135254
1221,1424.146118
1222,2004.434570
1223,2393.347168
1224,2554.045898
1225,2474.230713
1226,2164.542969
1227,1654.486450
1228,989.283508
1229,228.318298
1230,-557.329773
1231,-1291.096680
1232,-1900.765747
1233,-2328.415771
1234,-2536.447998
1235,-2508.552490
1236,-2248.053467
1237,-1776.907227
1238,-1136.134888
1239,-385.190613
1240,402.843140
1241,1150.548096
1242,1786.705688
1243,2253.881348
1244,2511.481445
1245,2536.287842
1246,2323.653809
1247,1890.209473
1248,1275.602417
1249,539.861389
1250,-244.439423
1251,-1002.328796
1252,-1664.682251
1253,-2172.612793
1254,-2479.667236
1255,-2554.904541
1256,-2387.830078
1257,-1992.737305
1258,-1408.751221
1259,-694.211609
1260,82.174911
1261,849.280945
1262,1538.394287
1263,2086.311279
1264,2439.704590
1265,2561.900391
1266,2439.704102
1267,2086.311035
1268,1538.394165
1269,849.280823
1270,82.174942
1271,-694.211731
1272,-1408.751099
1273,-1992.737305
1274,-2387.830566
1275,-2554.904785
1276,-2479.667480
1277,-2172.612305
1278,-1664.682007
1279,-1002.328735
1280,-244.439499
1281,539.861389
1282,1275.602173
1283,1890.209595
1284,2323.654053
1285,2536.287842
1286,2511.481689
1287,2253.881592
1288,1786.705688
1289,1150.548584
1290,402.843201
1291,-385.190613
1292,-1136.134766
1293,-1776.907227
1294,-2248.053223
1295,-2508.552490
1296,-2536.447754
1297,-2328.415771
1298,-1900.765503
1299,-1291.096680
1300,-557.329834
1301,228.318268
1302,989.283508
1303,1654.486816
1304,2164.543213
1305,2474.230957
1306,2554.045410
1307,2393.347656
1308,2004.434326
1309,1424.145996
1310,710.135315
1311,-67.582138
1312,-836.032959
1313,-1525.987671
1314,-2075.490234
1315,-2432.806641
1316,-2561.345215
1317,-2446.028320
1318,-2097.643311
1319,-1551.881226
1320,-863.104065
1321,-96.250854
1322,679.430054
1323,1394.073364
1324,1980.740356
1325,2381.447754
1326,2555.381104
1327,2485.810059
1328,2182.030518
1329,1675.786865
1330,1015.177795
1331,259.649902
1332,-522.955811
1333,-1259.630737
1334,-1878.482788
1335,-2318.063965
1336,-2536.340576
1337,-2515.331787
1338,-2260.302734
1339,-1796.047363
1340,-1163.762451
1341,-419.598846
1342,367.368866
1343,1120.748291
1344,1766.357422
1345,2242.482666
1346,2506.665283
1347,2537.428711
1348,2332.991211
1349,1910.341064
1350,1305.833862
1351,575.096924
1352,-211.006836
1353,-975.151855
1354,-1644.161499
1355,-2157.180420
1356,-2469.372314
1357,-2552.787354
1358,-2397.598145
1359,-2014.970947
1360,-1439.373657
1361,-726.821533
1362,52.243668
1363,822.946594
1364,1514.599365
1365,2065.587891
1366,2425.792236
1367,2559.633789
1368,2451.088623
1369,2108.572266
1370,1565.907837
1371,877.561768
1372,110.156616
1373,-665.651794
1374,-1380.334595
1375,-1968.663086
1376,-2373.901367
1377,-2554.528564
1378,-2491.495361
1379,-2192.042480
1380,-1687.727905
1381,-1028.122192
1382,-274.040680
1383,506.985535
1384,1243.736084
1385,1865.810425
1386,2311.340820
1387,2536.117188
1388,2520.012939
1389,2267.887451
1390,1805.846802
1391,1176.440796
1392,435.547638
1393,-349.624664
1394,-1104.437012
1395,-1754.623413
1396,-2236.502441
1397,-2505.456055
1398,-2539.446289
1399,-2337.890381
1400,-1919.155273
1401,-1319.406616
1402,-592.365723
1403,193.111267
1404,959.982117
1405,1633.383667
1406,2150.364990
1407,2465.441406
1408,2551.795654
1409,2401.035156
1410,2024.251831
1411,1454.005615
1412,744.082642
1413,-35.722065
1414,-809.148193
1415,-1503.517944
1416,-2056.516846
1417,-2419.122559
1418,-2557.284668
1419,-2455.075195
1420,-2119.063477
1421,-1580.682129
1422,-893.428162
1423,-125.014336
1424,652.028137
1425,1367.436035
1426,1957.060669
1427,2365.826660
1428,2552.541016
1429,2496.467773
1430,2202.394043
1431,1700.655151
1432,1041.651978
1433,287.953491
1434,-492.168182
1435,-1228.594116
1436,-1852.763428
1437,-2303.435791
1438,-2534.950684
1439,-2524.740723
1440,-2276.240723
1441,-1816.140747
1442,-1188.620361
1443,-450.301819
1444,332.724976
1445,1087.839111
1446,1741.721436
1447,2229.520508
1448,2504.251953
1449,2542.310547
1450,2343.503906
1451,1927.742188
1452,1331.979492
1453,608.843750
1454,-174.972458
1455,-943.695435
1456,-1621.619995
1457,-2143.583008
1458,-2462.477783
1459,-2551.741943
1460,-2404.495361
1461,-2032.696045
1462,-1467.873169
1463,-761.532104
1464,18.108913
1465,794.296570
1466,1492.332397
1467,2048.269531
1468,2413.258545
1469,2554.765137
1470,2457.874756
1471,2128.267334
1472,1595.053101
1473,909.889099
1474,140.633484
1475,-638.398193
1476,-1355.361206
1477,-1946.247803
1478,-2357.553223
1479,-2549.283691
1480,-2500.004883
1481,-2212.200684
1482,-1714.149902
1483,-1056.073242
1484,-302.086578
1485,478.018280
1486,1214.246460
1487,1839.674316
1488,2294.478271
1489,2532.547852
1490,2529.101318
1491,2285.367432
1492,1827.576416
1493,1201.241455
1494,464.458160
1495,-316.771454
1496,-1071.519897
1497,-1728.109009
1498,-2221.535400
1499,-2502.777344
1500,-2545.973389
1501,-2350.275146
1502,-1936.771851
1503,-1343.875488
1504,-624.176941
1505,157.379456
1506,926.912964
1507,1608.921997
1508,2136.462646
1509,2460.200439
1510,2552.787354
1511,2408.397705
1512,2040.456421
1513,1480.532837
1514,778.353271
1515,-0.000038
1516,-778.353333
1517,-1480.533081
1518,-2040.456299
1519,-2408.397949
1520,-2552.787598
1521,-2460.200684
1522,-2136.462158
1523,-1608.922119
1524,-926.912964
1525,-157.379501
1526,624.177246
1527,1343.875000
1528,1936.772095
1529,2350.275635
1530,2545.973877
1531,2502.777588
1532,2221.535645
1533,1728.109009
1534,1071.519897
1535,316.771484
1536,-464.458191
1537,-1201.241333
1538,-1827.576538
1539,-2285.366943
1540,-2529.101074
1541,-2532.547119
1542,-2294.477783
1543,-1839.674072
1544,-1214.245850
1545,-478.018311
1546,302.086548
1547,1056.073242
1548,1714.149658
1549,2212.200684
1550,2500.004883
1551,2549.283691
1552,2357.553467
1553,1946.247681
1554,1355.360962
1555,638.398254
1556,-140.633469
1557,-909.889282
1558,-1595.053467
1559,-2128.267334
1560,-2457.875488
1561,-2554.765625
1562,-2413.258789
1563,-2048.269775
1564,-1492.332397
1565,-794.296753
1566,-18.108910
1567,761.531982
1568,1467.872925
1569,2032.696045
1570,2404.495605
1571,2551.742432
1572,2462.477783
1573,2143.582520
1574,1621.619873
1575,943.695190
1576,174.972427
1577,-608.843689
1578,-1331.979370
1579,-1927.741821
1580,-2343.503906
1581,-2542.311035
1582,-2504.252441
1583,-2229.520752
1584,-1741.721436
1585,-1087.839111
1586,-332.725037
1587,450.301910
1588,1188.619873
1589,1816.140503
1590,2276.240967
1591,2524.740479
1592,2534.950928
1593,2303.436035
1594,1852.763062
1595,1228.594238
1596,492.168121
1597,-287.953583
1598,-1041.651978
1599,-1700.655273
1600,-2202.394043
1601,-2496.468262
1602,-2552.540771
1603,-2365.826660
1604,-1957.060547
1605,-1367.436401
1606,-652.028442
1607,125.014404
1608,893.428162
1609,1580.681885
1610,2119.063477
1611,2455.074951
1612,2557.284424
1613,2419.122803
1614,2056.517090
1615,1503.518188
1616,809.148315
1617,35.722027
1618,-744.082520
1619,-1454.005615
1620,-2024.251953
1621,-2401.034668
1622,-2551.795410
1623,-2465.441650
1624,-2150.364990
1625,-1633.383545
1626,-959.982300
1627,-193.111237
1628,592.365784
1629,1319.406738
1630,1919.155273
1631,2337.890381
1632,2539.446533
1633,2505.456299
1634,2236.502441
1635,1754.623535
1636,1104.436768
1637,349.624512
1638,-435.547668
1639,-1176.440796
1640,-1805.847168
1641,-2267.887695
1642,-2520.013184
1643,-2536.116943
1644,-2311.341553
1645,-1865.810303
1646,-1243.736328
1647,-506.985565
1648,274.040741
1649,1028.122070
1650,1687.727417
1651,2192.042725
1652,2491.495850
1653,2554.528809
1654,2373.901367
1655,1968.662964
1656,1380.334473
1657,665.651855
1658,-110.156624
1659,-877.561523
1660,-1565.907837
1661,-2108.572998
1662,-2451.088867
1663,-2559.633057
1664,-2425.792725
1665,-2065.587891
1666,-1514.599243
1667,-822.946533
1668,-52.243694
1669,726.821411
1670,1439.374023
1671,2014.970947
1672,2397.597900
1673,2552.786377
1674,2469.371826
1675,2157.179932
1676,1644.161133
1677,975.151978
1678,211.006882
1679,-575.096863
1680,-1305.833618
1681,-1910.341064
1682,-2332.990723
1683,-2537.428467
1684,-2506.665039
1685,-2242.482178
1686,-1766.357422
1687,-1120.747925
1688,-367.368896
1689,419.598816
1690,1163.762573
1691,1796.047241
1692,2260.303467
1693,2515.332031
1694,2536.340820
1695,2318.063721
1696,1878.482544
1697,1259.630615
1698,522.955811
1699,-259.649963
1700,-1015.177368
1701,-1675.786987
1702,-2182.030029
1703,-2485.810059
1704,-2555.381104
1705,-2381.447998
1706,-1980.740601
1707,-1394.073853
1708,-679.430054
1709,96.250832
1710,863.104065
1711,1551.881348
1712,2097.643555
1713,2446.027832
1714,2561.344971
1715,2432.806396
1716,2075.489990
1717,1525.988037
1718,836.033081
1719,67.582138
1720,-710.135254
1721,-1424.146118
1722,-2004.434570
1723,-2393.347168
1724,-2554.045898
1725,-2474.230713
1726,-2164.542969
1727,-1654.486450
1728,-989.283508
1729,-228.318298
1730,557.329773
1731,1291.096680
1732,1900.765747
1733,2328.415771
1734,2536.447998
1735,2508.552490
1736,2248.053467
1737,1776.907227
1738,1136.134888
1739,385.190613
1740,-402.843140
1741,-1150.548096
1742,-1786.705688
1743,-2253.881348
1744,-2511.481445
1745,-2536.287842
1746,-2323.653809
1747,-1890.209473
1748,-1275.602417
1749,-539.861389
1750,244.439423
1751,1002.328796
1752,1664.682251
1753,2172.612793
1754,2479.667236
1755,2554.904541
1756,2387.830078
1757,1992.737305
1758,1408.751221
1759,694.211609
1760,-82.174911
1761,-849.280945
1762,-1538.394287
1763,-2086.311279
1764,-2439.704590
1765,-2561.900391
1766,-2439.704102
1767,-2086.311035
1768,-1538.394165
1769,-849.280823
1770,-82.174942
1771,694.211731
1772,1408.751099
1773,1992.737305
1774,2387.830566
1775,2554.904785
1776,2479.667480
1777,2172.612305
1778,1664.682007
1779,1002.328735
1780,244.439499
1781,-539.861389
1782,-1275.602173
1783,-1890.209595
1784,-2323.654053
1785,-2536.287842
1786,-2511.481689
1787,-2253.881592
1788,-1786.705688
1789,-1150.548584
1790,-402.843201
1791,385.190613
1792,1136.134766
1793,1776.907227
1794,2248.053223
1795,2508.552490
1796,2536.447754
1797,2328.415771
1798,1900.765503
1799,1291.096680
1800,557.329834
1801,-228.318268
1802,-989.283508
1803,-1654.486816
1804,-2164.543213
1805,-2474.230957
1806,-2554.045410
1807,-2393.347656
1808,-2004.434326
1809,-1424.145996
1810,-710.135315
1811,67.582138
1812,836.032959
1813,1525.987671
1814,2075.490234
1815,2432.806641
1816,2561.345215
1817,2446.028320
1818,2097.643311
1819,1551.881226
1820,863.104065
1821,96.250854
1822,-679.430054
1823,-1394.073364
1824,-1980.740356
1825,-2381.447754
1826,-2555.381104
1827,-2485.810059
1828,-2182.030518
1829,-1675.786865
1830,-1015.177795
1831,-259.649902
1832,522.955811
1833,1259.630737
1834,1878.482788
1835,2318.063965
1836,2536.340576
1837,2515.331787
1838,2260.302734
1839,1796.047363
1840,1163.762451
1841,419.598846
1842,-367.368866
1843,-1120.748291
1844,-1766.357422
1845,-2242.482666
1846,-2506.665283
1847,-2537.428711
1848,-2332.991211
1849,-1910.341064
1850,-1305.833862
1851,-575.096924
1852,211.006836
1853,975.151855
1854,1644.161499
1855,2157.180420
1856,2469.372314
1857,2552.787354
1858,2397.598145
1859,2014.970947
1860,1439.373657
1861,726.821533
1862,-52.243668
1863,-822.946594
1864,-1514.599365
1865,-2065.587891
1866,-2425.792236
1867,-2559.633789
1868,-2451.088623
1869,-2108.572266
1870,-1565.907837
1871,-877.561768
1872,-110.156616
1873,665.651794
1874,1380.334595
1875,1968.663086
1876,2373.901367
1877,2554.528564
1878,2491.495361
1879,2192.042480
1880,1687.727905
1881,1028.122192
1882,274.040680
1883,-506.985535
1884,-1243.736084
1885,-1865.810425
1886,-2311.340820
1887,-2536.117188
1888,-2520.012939
1889,-2267.887451
1890,-1805.846802
1891,-1176.440796
1892,-435.547638
1893,349.624664
1894,1104.437012
1895,1754.623413
1896,2236.502441
1897,2505.456055
1898,2539.446289
1899,2337.890381
1900,1919.155273
1901,1319.406616
1902,592.365723
1903,-193.111267
1904,-959.982117
1905,-1633.383667
1906,-2150.364990
1907,-2465.441406
1908,-2551.795654
1909,-2401.035156
1910,-2024.251831
1911,-1454.005615
1912,-744.082642
1913,35.722065
1914,809.148193
1915,1503.517944
1916,2056.516846
1917,2419.122559
1918,2557.284668
1919,2455.075195
1920,2119.063477
1921,1580.682129
1922,893.428162
1923,125.014336
1924,-652.028137
1925,-1367.436035
1926,-1957.060669
1927,-2365.826660
1928,-2552.541016
1929,-2496.467773
1930,-2202.394043
1931,-1700.655151
1932,-1041.651978
1933,-287.953491
1934,492.168182
1935,1228.594116
1936,1852.763428
1937,2303.435791
1938,2534.950684
1939,2524.740723
1940,2276.240723
1941,1816.140747
1942,1188.620361
1943,450.301819
1944,-332.724976
1945,-1087.839111
1946,-1741.721436
1947,-2229.520508
1948,-2504.251953
1949,-2542.310547
1950,-2343.503906
1951,-1927.742188
1952,-1331.979492
1953,-608.843750
1954,174.972458
1955,943.695435
1956,1621.619995
1957,2143.583008
1958,2462.477783
1959,2551.741943
1960,2404.495361
1961,2032.696045
1962,1467.873169
1963,761.532104
1964,-18.108913
1965,-794.296570
1966,-1492.332397
1967,-2048.269531
1968,-2413.258545
1969,-2554.765137
1970,-2457.874756
1971,-2128.267334
1972,-1595.053101
1973,-909.889099
1974,-140.633484
1975,638.398193
1976,1355.361206
1977,1946.247803
1978,2357.553223
1979,2549.283691
1980,2500.004883
1981,2212.200684
1982,1714.149902
1983,1056.073242
1984,302.086578
1985,-478.018280
1986,-1214.246460
1987,-1839.674316
1988,-2294.478271
1989,-2532.547852
1990,-2529.101318
1991,-2285.367432
1992,-1827.576416
1993,-1201.241455
1994,-464.458160
1995,316.771454
1996,1071.519897
1997,1728.109009
1998,2221.535400
1999,2502.777344
2000,2545.973389
2001,2350.275146
2002,1936.771851
2003,1343.875488
2004,624.176941
2005,-157.379456
2006,-926.912964
2007,-1608.921997
2008,-2136.462646
2009,-2460.200439
2010,-2552.787354
2011,-2408.397705
2012,-2040.456421
2013,-1480.532837
2014,-778.353271
2015,0.000038
2016,778.353333
2017,1480.533081
2018,2040.456299
2019,2408.397949
2020,2552.787598
2021,2460.200684
2022,2136.462158
2023,1608.922119
2024,926.912964
2025,157.379501
2026,-624.177246
2027,-1343.875000
2028,-1936.772095
2029,-2350.275635
2030,-2545.973877
2031,-2502.777588
2032,-2221.535645
2033,-1728.109009
2034,-1071.519897
2035,-316.771484
2036,464.458191
2037,1201.241333
2038,1827.576538
2039,2285.366943
2040,2529.101074
2041,2532.547119
2042,2294.477783
2043,1839.674072
2044,1214.245850
2045,478.018311
2046,-302.086548
2047,-1056.073242
2048,-1714.149658
2049,-2212.200684
2050,-2500.004883
2051,-2549.283691
2052,-2357.553467
2053,-1946.247681
2054,-1355.360962
2055,-638.398254
2056,140.633469
2057,909.889282
2058,1595.053467
2059,2128.267334
2060,2457.875488
2061,2554.765625
2062,2413.258789
2063,2048.269775
2064,1492.332397
2065,794.296753
2066,18.108910
2067,-761.531982
2068,-1467.872925
2069,-2032.696045
2070,-2404.495605
2071,-2551.742432
2072,-2462.477783
2073,-2143.582520
2074,-1621.619873
2075,-943.695190
2076,-174.972427
2077,608.843689
2078,1331.979370
2079,1927.741821
2080,2343.503906
2081,2542.311035
2082,2504.252441
2083,2229.520752
2084,1741.721436
2085,1087.839111
2086,332.725037
2087,-450.301910
2088,-1188.619873
2089,-1816.140503
2090,-2276.240967
2091,-2524.740479
2092,-2534.950928
2093,-2303.436035
2094,-1852.763062
2095,-1228.594238
2096,-492.168121
2097,287.953583
2098,1041.651978
2099,1700.655273
2100,2202.394043
2101,2496.468262
2102,2552.540771
2103,2365.826660
2104,1957.060547
2105,1367.436401
2106,652.028442
2107,-125.014404
2108,-893.428162
2109,-1580.681885
2110,-2119.063477
2111,-2455.074951
2112,-2557.284424
2113,-2419.122803
2114,-2056.517090
2115,-1503.518188
2116,-809.148315
2117,-35.722027
2118,744.082520
2119,1454.005615
2120,2024.251953
2121,2401.034668
2122,2551.795410
2123,2465.441650
2124,2150.364990
2125,1633.383545
2126,959.982300
2127,193.111237
2128,-592.365784
2129,-1319.406738
2130,-1919.155273
2131,-2337.890381
2132,-2539.446533
2133,-2505.456299
2134,-2236.502441
2135,-1754.623535
2136,-1104.436768
2137,-349.624512
2138,435.547668
2139,1176.440796
2140,1805.847168
2141,2267.887695
2142,2520.013184
2143,2536.116943
2144,2311.341553
2145,1865.810303
2146,1243.736328
2147,506.985565
2148,-274.040741
2149,-1028.122070
2150,-1687.727417
2151,-2192.042725
2152,-2491.495850
2153,-2554.528809
2154,-2373.901367
2155,-1968.662964
2156,-1380.334473
2157,-665.651855
2158,110.156624
2159,877.561523
2160,1565.907837
2161,2108.572998
2162,2451.088867
2163,2559.633057
2164,2425.792725
2165,2065.587891
2166,1514.599243
2167,822.946533
2168,52.243694
2169,-726.821411
2170,-1439.374023
2171,-2014.970947
2172,-2397.597900
2173,-2552.786377
2174,-2469.371826
2175,-2157.179932
2176,-1644.161133
2177,-975.151978
2178,-211.006882
2179,575.096863
2180,1305.833618
2181,1910.341064
2182,2332.990723
2183,2537.428467
2184,2506.665039
2185,2242.482178
2186,1766.357422
2187,1120.747925
2188,367.368896
2189,-419.598816
2190,-1163.762573
2191,-1796.047241
2192,-2260.303467
2193,-2515.332031
2194,-2536.340820
2195,-2318.063721
2196,-1878.482544
2197,-1259.630615
2198,-522.955811
2199,259.649963
2200,1015.177368
2201,1675.786987
2202,2182.030029
2203,2485.810059
2204,2555.381104
2205,2381.447998
2206,1980.740601
2207,1394.073853
2208,679.430054
2209,-96.250832
2210,-863.104065
2211,-1551.881348
2212,-2097.643555
2213,-2446.027832
2214,-2561.344971
2215,-2432.806396
2216,-2075.489990
2217,-1525.988037
2218,-836.033081
2219,-67.582138
2220,710.135254
2221,1424.146118
2222,2004.434570
2223,2393.347168
2224,2554.045898
2225,2474.230713
2226,2164.542969
2227,1654.486450
2228,989.283508
2229,228.318298
2230,-557.329773
2231,-1291.096680
2232,-1900.765747
2233,-2328.415771
2234,-2536.447998
2235,-2508.552490
2236,-2248.053467
2237,-1776.907227
2238,-1136.134888
2239,-385.190613
2240,402.843140
2241,1150.548096
2242,1786.705688
2243,2253.881348
2244,2511.481445
2245,2536.287842
2246,2323.653809
2247,1890.209473
2248,1275.602417
2249,539.861389
2250,-244.439423
2251,-1002.328796
2252,-1664.682251
2253,-2172.612793
2254,-2479.667236
2255,-2554.904541
2256,-2387.830078
2257,-1992.737305
2258,-1408.751221
2259,-694.211609
2260,82.174911
2261,849.280945
2262,1538.394287
2263,2086.311279
2264,2439.704590
2265,2561.900391
2266,2439.704102
2267,2086.311035
2268,1538.394165
2269,849.280823
2270,82.174942
2271,-694.211731
2272,-1408.751099
2273,-1992.737305
2274,-2387.830566
2275,-2554.904785
2276,-2479.667480
2277,-2172.612305
2278,-1664.682007
2279,-1002.328735
2280,-244.439499
2281,539.861389
2282,1275.602173
2283,1890.209595
2284,2323.654053
2285,2536.287842
2286,2511.481689
2287,2253.881592
2288,1786.705688
2289,1150.548584
2290,402.843201
2291,-385.190613
2292,-1136.134766
2293,-1776.907227
2294,-2248.053223
2295,-2508.552490
2296,-2536.447754
2297,-2328.415771
2298,-1900.765503
2299,-1291.096680
2300,-557.329834
2301,228.318268
2302,989.283508
2303,1654.486816
2304,2164.543213
2305,2474.230957
2306,2554.045410
2307,2393.347656
2308,2004.434326
2309,1424.145996
2310,710.135315
2311,-67.582138
2312,-836.032959
2313,-1525.987671
2314,-2075.490234
2315,-2432.806641
2316,-2561.345215
2317,-2446.028320
2318,-2097.643311
2319,-1551.881226
2320,-863.104065
2321,-96.250854
2322,679.430054
2323,1394.073364
2324,1980.740356
2325,2381.447754
2326,2555.381104
2327,2485.810059
2328,2182.030518
2329,1675.786865
2330,1015.177795
2331,259.649902
2332,-522.955811
2333,-1259.630737
2334,-1878.482788
2335,-2318.063965
2336,-2536.340576
2337,-2515.331787
2338,-2260.302734
2339,-1796.047363
2340,-1163.762451
2341,-419.598846
2342,367.368866
2343,1120.748291
2344,1766.357422
2345,2242.482666
2346,2506.665283
2347,2537.428711
2348,2332.991211
2349,1910.341064
2350,1305.833862
2351,575.096924
2352,-211.006836
2353,-975.151855
2354,-1644.161499
2355,-2157.180420
2356,-2469.372314
2357,-2552.787354
2358,-2397.598145
2359,-2014.970947
2360,-1439.373657
2361,-726.821533
2362,52.243668
2363,822.946594
2364,1514.599365
2365,2065.587891
2366,2425.792236
2367,2559.633789
2368,2451.088623
2369,2108.572266
2370,1565.907837
2371,877.561768
2372,110.156616
2373,-665.651794
2374,-1380.334595
2375,-1968.663086
2376,-2373.901367
2377,-2554.528564
2378,-2491.495361
2379,-2192.042480
2380,-1687.727905
2381,-1028.122192
2382,-274.040680
2383,506.985535
2384,1243.736084
2385,1865.810425
2386,2311.340820
2387,2536.117188
2388,2520.012939
2389,2267.887451
2390,1805.846802
2391,1176.440796
2392,435.547638
2393,-349.624664
2394,-1104.437012
2395,-1754.623413
2396,-2236.502441
2397,-2505.456055
2398,-2539.446289
2399,-2337.890381
2400,-1919.155273
2401,-1319.406616
2402,-592.365723
2403,193.111267
2404,959.982117
2405,1633.383667
2406,2150.364990
2407,2465.441406
2408,2551.795654
2409,2401.035156
2410,2024.251831
2411,1454.005615
2412,744.082642
2413,-35.722065
2414,-809.148193
2415,-1503.517944
2416,-2056.516846
2417,-2419.122559
2418,-2557.284668
2419,-2455.075195
2420,-2119.063477
2421,-1580.682129
2422,-893.428162
2423,-125.014336
2424,652.028137
2425,1367.436035
2426,1957.060669
2427,2365.826660
2428,2552.541016
2429,2496.467773
2430,2202.394043
2431,1700.655151
2432,1041.651978
2433,287.953491
2434,-492.168182
2435,-1228.594116
2436,-1852.763428
2437,-2303.435791
2438,-2534.950684
2439,-2524.740723
2440,-2276.240723
2441,-1816.140747
2442,-1188.620361
2443,-450.301819
2444,332.724976
2445,1087.839111
2446,1741.721436
2447,2229.520508
2448,2504.251953
2449,2542.310547
2450,2343.503906
2451,1927.742188
2452,1331.979492
2453,608.843750
2454,-174.972458
2455,-943.695435
2456,-1621.619995
2457,-2143.583008
2458,-2462.477783
2459,-2551.741943
2460,-2404.495361
2461,-2032.696045
2462,-1467.873169
2463,-761.532104
2464,18.108913
2465,794.296570
2466,1492.332397
2467,2048.269531
2468,2413.258545
2469,2554.765137
2470,2457.874756
2471,2128.267334
2472,1595.053101
2473,909.889099
2474,140.633484
2475,-638.398193
2476,-1355.361206
2477,-1946.247803
2478,-2357.553223
2479,-2549.283691
2480,-2500.004883
2481,-2212.200684
2482,-1714.149902
2483,-1056.073242
2484,-302.086578
2485,478.018280
2486,1214.246460
2487,1839.674316
2488,2294.478271
2489,2532.547852
2490,2529.101318
2491,2285.367432
2492,1827.576416
2493,1201.241455
2494,464.458160
2495,-316.771454
2496,-1071.519897
2497,-1728.109009
2498,-2221.535400
2499,-2502.777344
2500,-2545.973389
2501,-2350.275146
2502,-1936.771851
2503,-1343.875488
2504,-624.176941
2505,157.379456
2506,926.912964
2507,1608.921997
2508,2136.462646
2509,2460.200439
2510,2552.787354
2511,2408.397705
2512,2040.456421
2513,1480.532837
2514,778.353271
2515,-0.000038
2516,-778.353333
2517,-1480.533081
2518,-2040.456299
2519,-2408.397949
2520,-2552.787598
2521,-2460.200684
2522,-2136.462158
2523,-1608.922119
2524,-926.912964
2525,-157.379501
2526,624.177246
2527,1343.875000
2528,1936.772095
2529,2350.275635
2530,2545.973877
2531,2502.777588
2532,2221.535645
2533,1728.109009
2534,1071.519897
2535,316.771484
2536,-464.458191
2537,-1201.241333
2538,-1827.576538
2539,-2285.366943
2540,-2529.101074
2541,-2532.547119
2542,-2294.477783
2543,-1839.674072
2544,-1214.245850
2545,-478.018311
2546,302.086548
2547,1056.073242
2548,1714.149658
2549,2212.200684
2550,2500.004883
2551,2549.283691
2552,2357.553467
2553,1946.247681
2554,1355.360962
2555,638.398254
2556,-140.633469
2557,-909.889282
2558,-1595.053467
2559,-2128.267334
2560,-2457.875488
2561,-2554.765625
2562,-2413.258789
2563,-2048.269775
2564,-1492.332397
2565,-794.296753
2566,-18.108910
2567,761.531982
2568,1467.872925
2569,2032.696045
2570,2404.495605
2571,2551.742432
2572,2462.477783
2573,2143.582520
2574,1621.619873
2575,943.695190
2576,174.972427
2577,-608.843689
2578,-1331.979370
2579,-1927.741821
2580,-2343.503906
2581,-2542.311035
2582,-2504.252441
2583,-2229.520752
2584,-1741.721436
2585,-1087.839111
2586,-332.725037
2587,450.301910
2588,1188.619873
2589,1816.140503
2590,2276.240967
2591,2524.740479
2592,2534.950928
2593,2303.436035
2594,1852.763062
2595,1228.594238
2596,492.168121
2597,-287.953583
2598,-1041.651978
2599,-1700.655273
2600,-2202.394043
2601,-2496.468262
2602,-2552.540771
2603,-2365.826660
2604,-1957.060547
2605,-1367.436401
2606,-652.028442
2607,125.014404
2608,893.428162
2609,1580.681885
2610,2119.063477
2611,2455.074951
2612,2557.284424
2613,2419.122803
2614,2056.517090
2615,1503.518188
2616,809.148315
2617,35.722027
2618,-744.082520
2619,-1454.005615
2620,-2024.251953
2621,-2401.034668
2622,-2551.795410
2623,-2465.441650
2624,-2150.364990
2625,-1633.383545
2626,-959.982300
2627,-193.111237
2628,592.365784
2629,1319.406738
2630,1919.155273
2631,2337.890381
2632,2539.446533
2633,2505.456299
2634,2236.502441
2635,1754.623535
2636,1104.436768
2637,349.624512
2638,-435.547668
2639,-1176.440796
2640,-1805.847168
2641,-2267.887695
2642,-2520.013184
2643,-2536.116943
2644,-2311.341553
2645,-1865.810303
2646,-1243.736328
2647,-506.985565
2648,274.040741
2649,1028.122070
2650,1687.727417
2651,2192.042725
2652,2491.495850
2653,2554.528809
2654,2373.901367
2655,1968.662964
2656,1380.334473
2657,665.651855
2658,-110.156624
2659,-877.561523
2660,-1565.907837
2661,-2108.572998
2662,-2451.088867
2663,-2559.633057
2664,-2425.792725
2665,-2065.587891
2666,-1514.599243
2667,-822.946533
2668,-52.243694
2669,726.821411
2670,1439.374023
2671,2014.970947
2672,2397.597900
2673,2552.786377
2674,2469.371826
2675,2157.179932
2676,1644.161133
2677,975.151978
2678,211.006882
2679,-575.096863
2680,-1305.833618
2681,-1910.341064
2682,-2332.990723
2683,-2537.428467
2684,-2506.665039
2685,-2242.482178
2686,-1766.357422
2687,-1120.747925
2688,-367.368896
2689,419.598816
2690,1163.762573
2691,1796.047241
2692,2260.303467
2693,2515.332031
2694,2536.340820
2695,2318.063721
2696,1878.482544
2697,1259.630615
2698,522.955811
2699,-259.649963
2700,-1015.177368
2701,-1675.786987
2702,-2182.030029
2703,-2485.810059
2704,-2555.381104
2705,-2381.447998
2706,-1980.740601
2707,-1394.073853
2708,-679.430054
2709,96.250832
2710,863.104065
2711,1551.881348
2712,2097.643555
2713,2446.027832
2714,2561.344971
2715,2432.806396
2716,2075.489990
2717,1525.988037
2718,836.033081
2719,67.582138
2720,-710.135254
2721,-1424.146118
2722,-2004.434570
2723,-2393.347168
2724,-2554.045898
2725,-2474.230713
2726,-2164.542969
2727,-1654.486450
2728,-989.283508
2729,-228.318298
2730,557.329773
2731,1291.096680
2732,1900.765747
2733,2328.415771
2734,2536.447998
2735,2508.552490
2736,2248.053467
2737,1776.907227
2738,1136.134888
2739,385.190613
2740,-402.843140
2741,-1150.548096
2742,-1786.705688
2743,-2253.881348
2744,-2511.481445
2745,-2536.287842
2746,-2323.653809
2747,-1890.209473
2748,-1275.602417
2749,-539.861389
2750,244.439423
2751,1002.328796
2752,1664.682251
2753,2172.612793
2754,2479.667236
2755,2554.904541
2756,2387.830078
2757,1992.737305
2758,1408.751221
2759,694.211609
2760,-82.174911
2761,-849.280945
2762,-1538.394287
2763,-2086.311279
2764,-2439.704590
2765,-2561.900391
2766,-2439.704102
2767,-2086.311035
2768,-1538.394165
2769,-849.280823
2770,-82.174942
2771,694.211731
2772,1408.751099
2773,1992.737305
2774,2387.830566
2775,2554.904785
2776,2479.667480
2777,2172.612305
2778,1664.682007
2779,1002.328735
2780,244.439499
2781,-539.861389
2782,-1275.602173
2783,-1890.209595
2784,-2323.654053
2785,-2536.287842
2786,-2511.481689
2787,-2253.881592
2788,-1786.705688
2789,-1150.548584
2790,-402.843201
2791,385.190613
2792,1136.134766
2793,1776.907227
2794,2248.053223
2795,2508.552490
2796,2536.447754
2797,2328.415771
2798,1900.765503
2799,1291.096680
2800,557.329834
2801,-228.318268
2802,-989.283508
2803,-1654.486816
2804,-2164.543213
2805,-2474.230957
2806,-2554.045410
2807,-2393.347656
2808,-2004.434326
2809,-1424.145996
2810,-710.135315
2811,67.582138
2812,836.032959
2813,1525.987671
2814,2075.490234
2815,2432.806641
2816,2561.345215
2817,2446.028320
2818,2097.643311
2819,1551.881226
2820,863.104065
2821,96.250854
2822,-679.430054
2823,-1394.073364
2824,-1980.740356
2825,-2381.447754
2826,-2555.381104
2827,-2485.810059
2828,-2182.030518
2829,-1675.786865
2830,-1015.177795
2831,-259.649902
2832,522.955811
2833,1259.630737
2834,1878.482788
2835,2318.063965
2836,2536.340576
2837,2515.331787
2838,2260.302734
2839,1796.047363
2840,1163.762451
2841,419.598846
2842,-367.368866
2843,-1120.748291
2844,-1766.357422
2845,-2242.482666
2846,-2506.665283
2847,-2537.428711
2848,-2332.991211
2849,-1910.341064
2850,-1305.833862
2851,-575.096924
2852,211.006836
2853,975.151855
2854,1644.161499
2855,2157.180420
2856,2469.372314
2857,2552.787354
2858,2397.598145
2859,2014.970947
2860,1439.373657
2861,726.821533
2862,-52.243668
2863,-822.946594
2864,-1514.599365
2865,-2065.587891
2866,-2425.792236
2867,-2559.633789
2868,-2451.088623
2869,-2108.572266
2870,-1565.907837
2871,-877.561768
2872,-110.156616
2873,665.651794
2874,1380.334595
2875,1968.663086
2876,2373.901367
2877,2554.528564
2878,2491.495361
2879,2192.042480
2880,1687.727905
2881,1028.122192
2882,274.040680
2883,-506.985535
2884,-1243.736084
2885,-1865.810425
2886,-2311.340820
2887,-2536.117188
2888,-2520.012939
2889,-2267.887451
2890,-1805.846802
2891,-1176.440796
2892,-435.547638
2893,349.624664
2894,1104.437012
2895,1754.623413
2896,2236.502441
2897,2505.456055
2898,2539.446289
2899,2337.890381
2900,1919.155273
2901,1319.406616
2902,592.365723
2903,-193.111267
2904,-959.982117
2905,-1633.383667
2906,-2150.364990
2907,-2465.441406
2908,-2551.795654
2909,-2401.035156
2910,-2024.251831
2911,-1454.005615
2912,-744.082642
2913,35.722065
2914,809.148193
2915,1503.517944
2916,2056.516846
2917,2419.122559
2918,2557.284668
2919,2455.075195
2920,2119.063477
2921,1580.682129
2922,893.428162
2923,125.014336
2924,-652.028137
2925,-1367.436035
2926,-1957.060669
2927,-2365.826660
2928,-2552.541016
2929,-2496.467773
2930,-2202.394043
2931,-1700.655151
2932,-1041.651978
2933,-287.953491
2934,492.168182
2935,1228.594116
2936,1852.763428
2937,2303.435791
2938,2534.950684
2939,2524.740723
2940,2276.240723
2941,1816.140747
2942,1188.620361
2943,450.301819
2944,-332.724976
2945,-1087.839111
2946,-1741.721436
2947,-2229.520508
2948,-2504.251953
2949,-2542.310547
2950,-2343.503906
2951,-1927.742188
2952,-1331.979492
2953,-608.843750
2954,174.972458
2955,943.695435
2956,1621.619995
2957,2143.583008
2958,2462.477783
2959,2551.741943
2960,2404.495361
2961,2032.696045
2962,1467.873169
2963,761.532104
2964,-18.108913
2965,-794.296570
2966,-1492.332397
2967,-2048.269531
2968,-2413.258545
2969,-2554.765137
2970,-2457.874756
2971,-2128.267334
2972,-1595.053101
2973,-909.889099
2974,-140.633484
2975,638.398193
2976,1355.361206
2977,1946.247803
2978,2357.553223
2979,2549.283691
2980,2500.004883
2981,2212.200684
2982,1714.149902
2983,1056.073242
2984,302.086578
2985,-478.018280
2986,-1214.246460
2987,-1839.674316
2988,-2294.478271
2989,-2532.547852
2990,-2529.101318
2991,-2285.367432
2992,-1827.576416
2993,-1201.241455
2994,-464.458160
2995,316.771454
2996,1071.519897
2997,1728.109009
2998,2221.535400
2999,2502.777344
3000,2545.973389
3001,2350.275146
3002,1936.771851
3003,1343.875488
3004,624.176941
3005,-157.379456
3006,-926.912964
3007,-1608.921997
3008,-2136.462646
3009,-2460.200439
3010,-2552.787354
3011,-2408.397705
3012,-2040.456421
3013,-1480.532837
3014,-778.353271
3015,0.000038
3016,778.353333
3017,1480.533081
3018,2040.456299
3019,2408.397949
3020,2552.787598
3021,2460.200684
3022,2136.462158
3023,1608.922119
3024,926.912964
3025,157.379501
3026,-624.177246
3027,-1343.875000
3028,-1936.772095
3029,-2350.275635
3030,-2545.973877
3031,-2502.777588
3032,-2221.535645
3033,-1728.109009
3034,-1071.519897
3035,-316.771484
3036,464.458191
3037,1201.241333
3038,1827.576538
3039,2285.366943
3040,2529.101074
3041,2532.547119
3042,2294.477783
3043,1839.674072
3044,1214.245850
3045,478.018311
3046,-302.086548
3047,-1056.073242
3048,-1714.149658
3049,-2212.200684
3050,-2500.004883
3051,-2549.283691
3052,-2357.553467
3053,-1946.247681
3054,-1355.360962
3055,-638.398254
3056,140.633469
3057,909.889282
3058,1595.053467
3059,2128.267334
3060,2457.875488
3061,2554.765625
3062,2413.258789
3063,2048.269775
3064,1492.332397
3065,794.296753
3066,18.108910
3067,-761.531982
3068,-1467.872925
3069,-2032.696045
3070,-2404.495605
3071,-2551.742432
3072,-2462.477783
3073,-2143.582520
3074,-1621.619873
3075,-943.695190
3076,-174.972427
3077,608.843689
3078,1331.979370
3079,1927.741821
3080,2343.503906
3081,2542.311035
3082,2504.252441
3083,2229.520752
3084,1741.721436
3085,1087.839111
3086,332.725037
3087,-450.301910
3088,-1188.619873
3089,-1816.140503
3090,-2276.240967
3091,-2524.740479
3092,-2534.950928
3093,-2303.436035
3094,-1852.763062
3095,-1228.594238
3096,-492.168121
3097,287.953583
3098,1041.651978
3099,1700.655273
3100,2202.394043
3101,2496.468262
3102,2552.540771
3103,2365.826660
3104,1957.060547
3105,1367.436401
3106,652.028442
3107,-125.014404
3108,-893.428162
3109,-1580.681885
3110,-2119.063477
3111,-2455.074951
3112,-2557.284424
3113,-2419.122803
3114,-2056.517090
3115,-1503.518188
3116,-809.148315
3117,-35.722027
3118,744.082520
3119,1454.005615
3120,2024.251953
3121,2401.034668
3122,2551.795410
3123,2465.441650
3124,2150.364990
3125,1633.383545
3126,959.982300
3127,193.111237
3128,-592.365784
3129,-1319.406738
3130,-1919.155273
3131,-2337.890381
3132,-2539.446533
3133,-2505.456299
3134,-2236.502441
3135,-1754.623535
3136,-1104.436768
3137,-349.624512
3138,435.547668
3139,1176.440796
3140,1805.847168
3141,2267.887695
3142,2520.013184
3143,2536.116943
3144,2311.341553
3145,1865.810303
3146,1243.736328
3147,506.985565
3148,-274.040741
3149,-1028.122070
3150,-1687.727417
3151,-2192.042725
3152,-2491.495850
3153,-2554.528809
3154,-2373.901367
3155,-1968.662964
3156,-1380.334473
3157,-665.651855
3158,110.156624
3159,877.561523
3160,1565.907837
3161,2108.572998
3162,2451.088867
3163,2559.633057
3164,2425.792725
3165,2065.587891
3166,1514.599243
3167,822.946533
3168,52.243694
3169,-726.821411
3170,-1439.374023
3171,-2014.970947
3172,-2397.597900
3173,-2552.786377
3174,-2469.371826
3175,-2157.179932
3176,-1644.161133
3177,-975.151978
3178,-211.006882
3179,575.096863
3180,1305.833618
3181,1910.341064
3182,2332.990723
3183,2537.428467
3184,2506.665039
3185,2242.482178
3186,1766.357422
3187,1120.747925
3188,367.368896
3189,-419.598816
3190,-1163.762573
3191,-1796.047241
3192,-2260.303467
3193,-2515.332031
3194,-2536.340820
3195,-2318.063721
3196,-1878.482544
3197,-1259.630615
3198,-522.955811
3199,259.649963
3200,1015.177368
3201,1675.786987
3202,2182.030029
3203,2485.810059
3204,2555.381104
3205,2381.447998
3206,1980.740601
3207,1394.073853
3208,679.430054
3209,-96.250832
3210,-863.104065
3211,-1551.881348
3212,-2097.643555
3213,-2446.027832
3214,-2561.344971
3215,-2432.806396
3216,-2075.489990
3217,-1525.988037
3218,-836.033081
3219,-67.582138
3220,710.135254
3221,1424.146118
3222,2004.434570
3223,2393.347168
3224,2554.045898
3225,2474.230713
3226,2164.542969
3227,1654.486450
3228,989.283508
3229,228.318298
3230,-557.329773
3231,-1291.096680
3232,-1900.765747
3233,-2328.415771
3234,-2536.447998
3235,-2508.552490
3236,-2248.053467
3237,-1776.907227
3238,-1136.134888
3239,-385.190613
3240,402.843140
3241,1150.548096
3242,1786.705688
3243,2253.881348
3244,2511.481445
3245,2536.287842
3246,2323.653809
3247,1890.209473
3248,1275.602417
3249,539.861389
3250,-244.439423
3251,-1002.328796
3252,-1664.682251
3253,-2172.612793
3254,-2479.667236
3255,-2554.904541
3256,-2387.830078
3257,-1992.737305
3258,-1408.751221
3259,-694.211609
3260,82.174911
3261,849.280945
3262,1538.394287
3263,2086.311279
3264,2439.704590
3265,2561.900391
3266,2439.704102
3267,2086.311035
3268,1538.394165
3269,849.280823
3270,82.174942
3271,-694.211731
3272,-1408.751099
3273,-1992.737305
3274,-2387.830566
3275,-2554.904785
3276,-2479.667480
3277,-2172.612305
3278,-1664.682007
3279,-1002.328735
3280,-244.439499
3281,539.861389
3282,1275.602173
3283,1890.209595
3284,2323.654053
3285,2536.287842
3286,2511.481689
3287,2253.881592
3288,1786.705688
3289,1150.548584
3290,402.843201
3291,-385.190613
3292,-1136.134766
3293,-1776.907227
3294,-2248.053223
3295,-2508.552490
3296,-2536.447754
3297,-2328.415771
3298,-1900.765503
3299,-1291.096680
3300,-557.329834
3301,228.318268
3302,989.283508
3303,1654.486816
3304,2164.543213
3305,2474.230957
3306,2554.045410
3307,2393.347656
3308,2004.434326
3309,1424.145996
3310,710.135315
3311,-67.582138
3312,-836.032959
3313,-1525.987671
3314,-2075.490234
3315,-2432.806641
3316,-2561.345215
3317,-2446.028320
3318,-2097.643311
3319,-1551.881226
3320,-863.104065
3321,-96.250854
3322,679.430054
3323,1394.073364
3324,1980.740356
3325,2381.447754
3326,2555.381104
3327,2485.810059
3328,2182.030518
3329,1675.786865
3330,1015.177795
3331,259.649902
3332,-522.955811
3333,-1259.630737
3334,-1878.482788
3335,-2318.063965
3336,-2536.340576
3337,-2515.331787
3338,-2260.302734
3339,-1796.047363
3340,-1163.762451
3341,-419.598846
3342,367.368866
3343,1120.748291
3344,1766.357422
3345,2242.482666
3346,2506.665283
3347,2537.428711
3348,2332.991211
3349,1910.341064
3350,1305.833862
3351,575.096924
3352,-211.006836
3353,-975.151855
3354,-1644.161499
3355,-2157.180420
3356,-2469.372314
3357,-2552.787354
3358,-2397.598145
3359,-2014.970947
3360,-1439.373657
3361,-726.821533
3362,52.243668
3363,822.946594
3364,1514.599365
3365,2065.587891
3366,2425.792236
3367,2559.633789
3368,2451.088623
3369,2108.572266
3370,1565.907837
3371,877.561768
3372,110.156616
3373,-665.651794
3374,-1380.334595
3375,-1968.663086
3376,-2373.901367
3377,-2554.528564
3378,-2491.495361
3379,-2192.042480
3380,-1687.727905
3381,-1028.122192
3382,-274.040680
3383,506.985535
3384,1243.736084
3385,1865.810425
3386,2311.340820
3387,2536.117188
3388,2520.012939
3389,2267.887451
3390,1805.846802
3391,1176.440796
3392,435.547638
3393,-349.624664
3394,-1104.437012
3395,-1754.623413
3396,-2236.502441
3397,-2505.456055
3398,-2539.446289
3399,-2337.890381
3400,-1919.155273
3401,-1319.406616
3402,-592.365723
3403,193.111267
3404,959.982117
3405,1633.383667
3406,2150.364990
3407,2465.441406
3408,2551.795654
3409,2401.035156
3410,2024.251831
3411,1454.005615
3412,744.082642
3413,-35.722065
3414,-809.148193
3415,-1503.517944
3416,-2056.516846
3417,-2419.122559
3418,-2557.284668
3419,-2455.075195
3420,-2119.063477
3421,-1580.682129
3422,-893.428162
3423,-125.014336
3424,652.028137
3425,1367.436035
3426,1957.060669
3427,2365.826660
3428,2552.541016
3429,2496.467773
3430,2202.394043
3431,1700.655151
3432,1041.651978
3433,287.953491
3434,-492.168182
3435,-1228.594116
3436,-1852.763428
3437,-2303.435791
3438,-2534.950684
3439,-2524.740723
3440,-2276.240723
3441,-1816.140747
3442,-1188.620361
3443,-450.301819
3444,332.724976
3445,1087.839111
3446,1741.721436
3447,2229.520508
3448,2504.251953
3449,2542.310547
3450,2343.503906
3451,1927.742188
3452,1331.979492
3453,608.843750
3454,-174.972458
3455,-943.695435
3456,-1621.619995
3457,-2143.583008
3458,-2462.477783
3459,-2551.741943
3460,-2404.495361
3461,-2032.696045
3462,-1467.873169
3463,-761.532104
3464,18.108913
3465,794.296570
3466,1492.332397
3467,2048.269531
3468,2413.258545
3469,2554.765137
3470,2457.874756
3471,2128.267334
3472,1595.053101
3473,909.889099
3474,140.633484
3475,-638.398193
3476,-1355.361206
3477,-1946.247803
3478,-2357.553223
3479,-2549.283691
3480,-2500.004883
3481,-2212.200684
3482,-1714.149902
3483,-1056.073242
3484,-302.086578
3485,478.018280
3486,1214.246460
3487,1839.674316
3488,2294.478271
3489,2532.547852
3490,2529.101318
3491,2285.367432
3492,1827.576416
3493,1201.241455
3494,464.458160
3495,-316.771454
3496,-1071.519897
3497,-1728.109009
3498,-2221.535400
3499,-2502.777344
3500,-2545.973389
3501,-2350.275146
3502,-1936.771851
3503,-1343.875488
3504,-624.176941
3505,157.379456
3506,926.912964
3507,1608.921997
3508,2136.462646
3509,2460.200439
3510,2552.787354
3511,2408.397705
3512,2040.456421
3513,1480.532837
3514,778.353271
3515,-0.000038
3516,-778.353333
3517,-1480.533081
3518,-2040.456299
3519,-2408.397949
3520,-2552.787598
3521,-2460.200684
3522,-2136.462158
3523,-1608.922119
3524,-926.912964
3525,-157.379501
3526,624.177246
3527,1343.875000
3528,1936.772095
3529,2350.275635
3530,2545.973877
3531,2502.777588
3532,2221.535645
3533,1728.109009
3534,1071.519897
3535,316.771484
3536,-464.458191
3537,-1201.241333
3538,-1827.576538
3539,-2285.366943
3540,-2529.101074
3541,-2532.547119
3542,-2294.477783
3543,-1839.674072
3544,-1214.245850
3545,-478.018311
3546,302.086548
3547,1056.073242
3548,1714.149658
3549,2212.200684
3550,2500.004883
3551,2549.283691
3552,2357.553467
3553,1946.247681
3554,1355.360962
3555,638.398254
3556,-140.633469
3557,-909.889282
3558,-1595.053467
3559,-2128.267334
3560,-2457.875488
3561,-2554.765625
3562,-2413.258789
3563,-2048.269775
3564,-1492.332397
3565,-794.296753
3566,-18.108910
3567,761.531982
3568,1467.872925
3569,2032.696045
3570,2404.495605
3571,2551.742432
3572,2462.477783
3573,2143.582520
3574,1621.619873
3575,943.695190
3576,174.972427
3577,-608.843689
3578,-1331.979370
3579,-1927.741821
3580,-2343.503906
3581,-2542.311035
3582,-2504.252441
3583,-2229.520752
3584,-1741.721436
3585,-1087.839111
3586,-332.725037
3587,450.301910
3588,1188.619873
3589,1816.140503
3590,2276.240967
3591,2524.740479
3592,2534.950928
3593,2303.436035
3594,1852.763062
3595,1228.594238
3596,492.168121
3597,-287.953583
3598,-1041.651978
3599,-1700.655273
3600,-2202.394043
3601,-2496.468262
3602,-2552.540771
3603,-2365.826660
3604,-1957.060547
3605,-1367.436401
3606,-652.028442
3607,125.014404
3608,893.428162
3609,1580.681885
3610,2119.063477
3611,2455.074951
3612,2557.284424
3613,2419.122803
3614,2056.517090
3615,1503.518188
3616,809.148315
3617,35.722027
3618,-744.082520
3619,-1454.005615
3620,-2024.251953
3621,-2401.034668
3622,-2551.795410
3623,-2465.441650
3624,-2150.364990
3625,-1633.383545
3626,-959.982300
3627,-193.111237
3628,592.365784
3629,1319.406738
3630,1919.155273
3631,2337.890381
3632,2539.446533
3633,2505.456299
3634,2236.502441
3635,1754.623535
3636,1104.436768
3637,349.624512
3638,-435.547668
3639,-1176.440796
3640,-1805.847168
3641,-2267.887695
3642,-2520.013184
3643,-2536.116943
3644,-2311.341553
3645,-1865.810303
3646,-1243.736328
3647,-506.985565
3648,274.040741
3649,1028.122070
3650,1687.727417
3651,2192.042725
3652,2491.495850
3653,2554.528809
3654,2373.901367
3655,1968.662964
3656,1380.334473
3657,665.651855
3658,-110.156624
3659,-877.561523
3660,-1565.907837
3661,-2108.572998
3662,-2451.088867
3663,-2559.633057
3664,-2425.792725
3665,-2065.587891
3666,-1514.599243
3667,-822.946533
3668,-52.243694
3669,726.821411
3670,1439.374023
3671,2014.970947
3672,2397.597900
3673,2552.786377
3674,2469.371826
3675,2157.179932
3676,1644.161133
3677,975.151978
3678,211.006882
3679,-575.096863
3680,-1305.833618
3681,-1910.341064
3682,-2332.990723
3683,-2537.428467
3684,-2506.665039
3685,-2242.482178
3686,-1766.357422
3687,-1120.747925
3688,-367.368896
3689,419.598816
3690,1163.762573
3691,1796.047241
3692,2260.303467
3693,2515.332031
3694,2536.340820
3695,2318.063721
3696,1878.482544
3697,1259.630615
3698,522.955811
3699,-259.649963
3700,-1015.177368
3701,-1675.786987
3702,-2182.030029
3703,-2485.810059
3704,-2555.381104
3705,-2381.447998
3706,-1980.740601
3707,-1394.073853
3708,-679.430054
3709,96.250832
3710,863.104065
3711,1551.881348
3712,2097.643555
3713,2446.027832
3714,2561.344971
3715,2432.806396
3716,2075.489990
3717,1525.988037
3718,836.033081
3719,67.582138
3720,-710.135254
3721,-1424.146118
3722,-2004.434570
3723,-2393.347168
3724,-2554.045898
3725,-2474.230713
3726,-2164.542969
3727,-1654.486450
3728,-989.283508
3729,-228.318298
3730,557.329773
3731,1291.096680
3732,1900.765747
3733,2328.415771
3734,2536.447998
3735,2508.552490
3736,2248.053467
3737,1776.907227
3738,1136.134888
3739,385.190613
3740,-402.843140
3741,-1150.548096
3742,-1786.705688
3743,-2253.881348
3744,-2511.481445
3745,-2536.287842
3746,-2323.653809
3747,-1890.209473
3748,-1275.602417
3749,-539.861389
3750,244.439423
3751,1002.328796
3752,1664.682251
3753,2172.612793
3754,2479.667236
3755,2554.904541
3756,2387.830078
3757,1992.737305
3758,1408.751221
3759,694.211609
3760,-82.174911
3761,-849.280945
3762,-1538.394287
3763,-2086.311279
3764,-2439.704590
3765,-2561.900391
3766,-2439.704102
3767,-2086.311035
3768,-1538.394165
3769,-849.280823
3770,-82.174942
3771,694.211731
3772,1408.751099
3773,1992.737305
3774,2387.830566
3775,2554.904785
3776,2479.667480
3777,2172.612305
3778,1664.682007
3779,1002.328735
3780,244.439499
3781,-539.861389
3782,-1275.602173
3783,-1890.209595
3784,-2323.654053
3785,-2536.287842
3786,-2511.481689
3787,-2253.881592
3788,-1786.705688
3789,-1150.548584
3790,-402.843201
3791,385.190613
3792,1136.134766
3793,1776.907227
3794,2248.053223
3795,2508.552490
3796,2536.447754
3797,2328.415771
3798,1900.765503
3799,1291.096680
3800,557.329834
3801,-228.318268
3802,-989.283508
3803,-1654.486816
3804,-2164.543213
3805,-2474.230957
3806,-2554.045410
3807,-2393.347656
3808,-2004.434326
3809,-1424.145996
3810,-710.135315
3811,67.582138
3812,836.032959
3813,1525.987671
3814,2075.490234
3815,2432.806641
3816,2561.345215
3817,2446.028320
3818,2097.643311
3819,1551.881226
3820,863.104065
3821,96.250854
3822,-679.430054
3823,-1394.073364
3824,-1980.740356
3825,-2381.447754
3826,-2555.381104
3827,-2485.810059
3828,-2182.030518
3829,-1675.786865
3830,-1015.177795
3831,-259.649902
3832,522.955811
3833,1259.630737
3834,1878.482788
3835,2318.063965
3836,2536.340576
3837,2515.331787
3838,2260.302734
3839,1796.047363
3840,1163.762451
3841,419.598846
3842,-367.368866
3843,-1120.748291
3844,-1766.357422
3845,-2242.482666
3846,-2506.665283
3847,-2537.428711
3848,-2332.991211
3849,-1910.341064
3850,-1305.833862
3851,-575.096924
3852,211.006836
3853,975.151855
3854,1644.161499
3855,2157.180420
3856,2469.372314
3857,2552.787354
3858,2397.598145
3859,2014.970947
3860,1439.373657
3861,726.821533
3862,-52.243668
3863,-822.946594
3864,-1514.599365
3865,-2065.587891
3866,-2425.792236
3867,-2559.633789
3868,-2451.088623
3869,-2108.572266
3870,-1565.907837
3871,-877.561768
3872,-110.156616
3873,665.651794
3874,1380.334595
3875,1968.663086
3876,2373.901367
3877,2554.528564
3878,2491.495361
3879,2192.042480
3880,1687.727905
3881,1028.122192
3882,274.040680
3883,-506.985535
3884,-1243.736084
3885,-1865.810425
3886,-2311.340820
3887,-2536.117188
3888,-2520.012939
3889,-2267.887451
3890,-1805.846802
3891,-1176.440796
3892,-435.547638
3893,349.624664
3894,1104.437012
3895,1754.623413
3896,2236.502441
3897,2505.456055
3898,2539.446289
3899,2337.890381
3900,1919.155273
3901,1319.406616
3902,592.365723
3903,-193.111267
3904,-959.982117
3905,-1633.383667
3906,-2150.364990
3907,-2465.441406
3908,-2551.795654
3909,-2401.035156
3910,-2024.251831
3911,-1454.005615
3912,-744.082642
3913,35.722065
3914,809.148193
3915,1503.517944
3916,2056.516846
3917,2419.122559
3918,2557.284668
3919,2455.075195
3920,2119.063477
3921,1580.682129
3922,893.428162
3923,125.014336
3924,-652.028137
3925,-1367.436035
3926,-1957.060669
3927,-2365.826660
3928,-2552.541016
3929,-2496.467773
3930,-2202.394043
3931,-1700.655151
3932,-1041.651978
3933,-287.953491
3934,492.168182
3935,1228.594116
3936,1852.763428
3937,2303.435791
3938,2534.950684
3939,2524.740723
3940,2276.240723
3941,1816.140747
3942,1188.620361
3943,450.301819
3944,-332.724976
3945,-1087.839111
3946,-1741.721436
3947,-2229.520508
3948,-2504.251953
3949,-2542.310547
3950,-2343.503906
3951,-1927.742188
3952,-1331.979492
3953,-608.843750
3954,174.972458
3955,943.695435
3956,1621.619995
3957,2143.583008
3958,2462.477783
3959,2551.741943
3960,2404.495361
3961,2032.696045
3962,1467.873169
3963,761.532104
3964,-18.108913
3965,-794.296570
3966,-1492.332397
3967,-2048.269531
3968,-2413.258545
3969,-2554.765137
3970,-2457.874756
3971,-2128.267334
3972,-1595.053101
3973,-909.889099
3974,-140.633484
3975,638.398193
3976,1355.361206
3977,1946.247803
3978,2357.553223
3979,2549.283691
3980,2500.004883
3981,2212.200684
3982,1714.149902
3983,1056.073242
3984,302.086578
3985,-478.018280
3986,-1214.246460
3987,-1839.674316
3988,-2294.478271
3989,-2532.547852
3990,-2529.101318
3991,-2285.367432
3992,-1827.576416
3993,-1201.241455
3994,-464.458160
3995,316.771454
3996,1071.519897
3997,1728.109009
3998,2221.535400
